{"VectorValue":{"x":-20.305274963378908,"y":6.979555130004883,"z":0.0},"HPValue":2147474181,"money":65}